,ID do Artigo,Titulo do Artigo,URL,Ano,Tipo de Artrigo
0,1,Análise comparativa de métodos de detecção de arritmias em Eletrocardiogramas,http://eati.info/eati/2011/anais/artigos/91344.pdf,2011,LONGO
1,2,Atividades Lúdicas Educativas em Língua Estrangeira com o Programa Hot Potatoes,http://eati.info/eati/2011/anais/artigos/91261.pdf,2011,LONGO
2,3,Banco de Questões Objetivas,http://eati.info/eati/2011/anais/artigos/91290.pdf,2011,LONGO
3,4,Cloud Computing - integração do Ambiente Virtual de aprendizagem Moodle ao Sistema EyeOS,http://eati.info/eati/2011/anais/artigos/91330.pdf,2011,LONGO
4,5,Consórcio Antiferrugem - identificando perfis de usuários e padrões de uso,http://eati.info/eati/2011/anais/artigos/91341.pdf,2011,LONGO
5,6,Criando Jogos didáticos em inglês instrumental a partir do software livre hot potatoes,http://eati.info/eati/2011/anais/artigos/91265.pdf,2011,LONGO
6,7,Lixo eletrônico - o que fazer com os componentes eletrônicos,http://eati.info/eati/2011/anais/artigos/91303.pdf,2011,LONGO
7,8,MapAgro - Uma proposta de Sistema de Informação para Acompanhamento e Aprimoramento da Produção Apícola,http://eati.info/eati/2011/anais/artigos/91334.pdf,2011,LONGO
8,9,"Monitoramento e Controle Remotos do Microclima de uma
Adega: Interface Programada em Java",http://eati.info/eati/2011/anais/artigos/91335.pdf,2011,LONGO
9,10,Realidade Virtual aplicada à Educação,http://eati.info/eati/2011/anais/artigos/91315.pdf,2011,LONGO
10,11,Suporte computacional para a análise e diagnóstico ambiental - um estudo de caso para construção de mapas temáticos,http://eati.info/eati/2011/anais/artigos/91106.pdf,2011,LONGO
11,12,Um Modelo para Definição de Metodologia de Desenvolvimento de Software Baseado em Pessoas,http://eati.info/eati/2011/anais/artigos/91321.pdf,2011,LONGO
12,13,Análise de Perfomance do Imperialist Competitive Algorithm através de Funções de Benchmark,http://www.eati.info/eati/2013/assets/anais/artigo13.pdf,2013,LONGO
13,14,Aplicativo de Mineração de Dados Aplicado em Bases de Dados Acadêmicas,http://www.eati.info/eati/2013/assets/anais/artigo22.pdf,2013,LONGO
14,15,Avaliação dos Processos Estratégicos e Táticos de TI: um estudo de caso em Órgão da Administração Pública Federal,http://www.eati.info/eati/2013/assets/anais/artigo30.pdf,2013,LONGO
15,16,Controle Inteligente de Semáforos Utilizando Redes Neurais Artificiais com Funções de Base Radial,http://www.eati.info/eati/2013/assets/anais/artigo38.pdf,2013,LONGO
16,17,Estudo Comparativo da Comunicação de Dados em Dispositivos Móveis: Métodos Web services e Sockets,http://www.eati.info/eati/2013/assets/anais/artigo46.pdf,2013,LONGO
17,18,Técnicas de Gameficação em AVAs: Um Estudo de Caso no Ambiente Virtual de Aprendizagem Moodle,http://www.eati.info/eati/2013/assets/anais/artigo53.pdf,2013,LONGO
18,19,Gerenciamento de Conteúdo Corporativo (ECM) na Gestão de TI,http://www.eati.info/eati/2013/assets/anais/artigo61.pdf,2013,LONGO
19,20,Gerenciamento de Redes: Elaboração de acordo de nível de serviço,http://www.eati.info/eati/2013/assets/anais/artigo69.pdf,2013,LONGO
20,21,Intenções Empreendedoras dos Alunos de Computação: Estudo Comparativo entre uma Universidade Pública e uma Privada,http://www.eati.info/eati/2013/assets/anais/artigo77.pdf,2013,LONGO
21,22,"Laboratório de acesso remoto para controle, experimentação, automação e validação de processos em tempo real – “Baseado em Websocket”",http://www.eati.info/eati/2013/assets/anais/artigo85.pdf,2013,LONGO
22,23,Mídias Digitais como Estratégia de Mediação no Processo de Aprendizagem da Disciplina de Cálculo I no Curso de Bacharelado em Sistema de Informação-IFES,http://www.eati.info/eati/2013/assets/anais/artigo93.pdf,2013,LONGO
23,24,O Impacto da Incorporação das TICs na Educação a Distância: uma Revisão Sistemática,http://www.eati.info/eati/2013/assets/anais/artigo100.pdf,2013,LONGO
24,25,O papel da gerência em equipes ágeis: uma avaliação na perspectiva do desenvolvedor de software,http://www.eati.info/eati/2013/assets/anais/artigo109.pdf,2013,LONGO
25,26,Perspectivas do Uso da Internet em Empresas de Desenvolvimento de Softwares,http://www.eati.info/eati/2013/assets/anais/artigo117.pdf,2013,LONGO
26,27,Programação Paralela Híbrida em CPU e GPU: Uma Alternativa na Busca por Desempenho,http://www.eati.info/eati/2013/assets/anais/artigo124.pdf,2013,LONGO
27,28,Repensando o Alinhamento Estratégico da TI: Perspectiva Crítica ao Discurso Hegemônico,http://www.eati.info/eati/2013/assets/anais/artigo132.pdf,2013,LONGO
28,29,RFID aplicado à identificação de Pessoas,http://www.eati.info/eati/2013/assets/anais/artigo140.pdf,2013,LONGO
29,30,S.D.R - Sistema de Dimensionamento de Rotas,http://www.eati.info/eati/2013/assets/anais/artigo147.pdf,2013,LONGO
30,31,Segurança em Streams Multimídia,http://www.eati.info/eati/2013/assets/anais/artigo155.pdf,2013,LONGO
31,32,Simulação Computacional Paralela Baseada em Autômatos Celulares: Estudo de Caso em Simulação da Dinâmica de Nuvens,http://www.eati.info/eati/2013/assets/anais/artigo163.pdf,2013,LONGO
32,33,Sistema Automatizado de Controle de Rotas do Transporte Público Utilizando a Tecnologia Wireless,http://www.eati.info/eati/2013/assets/anais/artigo172.pdf,2013,LONGO
33,34,Sistema de Gerenciamento de Riscos em Projetos de TI Baseado no PMBOK,http://www.eati.info/eati/2013/assets/anais/artigo180.pdf,2013,LONGO
34,35,Sistema de Mapeamento Geográfico de Ocorrências Policiais,http://www.eati.info/eati/2013/assets/anais/artigo188.pdf,2013,LONGO
35,36,Sistema de Recomendação de Profissionais de Tecnologia da Informação,http://www.eati.info/eati/2013/assets/anais/artigo196.pdf,2013,LONGO
36,37,Sistema Especialista para diagnosticar Orientação Vocacional,http://www.eati.info/eati/2013/assets/anais/artigo204.pdf,2013,LONGO
37,38,Um Algoritmo para Extração de Conhecimento em Saúde Baseado em Regras de Associação,http://www.eati.info/eati/2013/assets/anais/artigo211.pdf,2013,LONGO
38,39,Um dispositivo braile eletromecânico para leitura de textos digitais,http://www.eati.info/eati/2013/assets/anais/artigo219.pdf,2013,LONGO
39,40,Um sistema de visão computacional para detecção automática de caracteres em uma linha de montagem automotiva,http://www.eati.info/eati/2013/assets/anais/artigo225.pdf,2013,LONGO
40,41,WXDC: Uma Ferramenta para Imposição e Validação de Restrições de Integridade baseadas na Linguagem XDCL,http://www.eati.info/eati/2013/assets/anais/artigo232.pdf,2013,LONGO
41,42,Ambientes Inteligentes: Uma aplicação utilizando DOMUS,http://www.eati.info/eati/2013/assets/anais/artigo241.pdf,2013,CURTO
42,43,Acessibilidade em Dispositivos Móveis,http://www.eati.info/eati/2013/assets/anais/artigo245.pdf,2013,CURTO
43,44,Adaptação de interfaces para dispositivos móveis com HTML5,http://www.eati.info/eati/2013/assets/anais/artigo249.pdf,2013,CURTO
44,45,Agregando gameficação ao modelo MobilEduc: um módulo adicional ao processo de ensino e de aprendizagem em dispositivos móveis,http://www.eati.info/eati/2013/assets/anais/artigo253.pdf,2013,CURTO
45,46,ANALI: Protótipo de um Sistema Especialista Web para análise de alimentos com o uso da linguagem de programação PHP,http://www.eati.info/eati/2013/assets/anais/artigo257.pdf,2013,CURTO
46,47,Aplicação de Redes de Sensores Sem Fio (RSSF) na Agricultura,http://www.eati.info/eati/2013/assets/anais/artigo261.pdf,2013,CURTO
47,48,Arquitetura para Adaptação de Cursos na Modalidade de Educação a Distância empregando Objetos de Aprendizagem,http://www.eati.info/eati/2013/assets/anais/artigo266.pdf,2013,CURTO
48,49,Desenvolvimento de Jogos Digitais Educativos e sua aplicação como ferramenta de Ensino,http://www.eati.info/eati/2013/assets/anais/artigo271.pdf,2013,CURTO
49,50,Desenvolvimento de um Sistema de Autoavaliação Institucional Utilizando JSP,http://www.eati.info/eati/2013/assets/anais/artigo275.pdf,2013,CURTO
50,51,Desenvolvimento de uma Aplicação para Verificação de Segurança no Ambiente Moodle,http://www.eati.info/eati/2013/assets/anais/artigo279.pdf,2013,CURTO
51,52,Documento de Requisitos para Personalização de Interfaces Web,http://www.eati.info/eati/2013/assets/anais/artigo283.pdf,2013,CURTO
52,53,Elaboração de uma Persona para o profissional de Análise de Requisitos que pratica UX/UCD/IHC baseado em dados estatísticos provenientes de pesquisas no contexto brasileiro,http://www.eati.info/eati/2013/assets/anais/artigo288.pdf,2013,CURTO
53,54,Implementando o DNSSec na prática,http://www.eati.info/eati/2013/assets/anais/artigo294.pdf,2013,CURTO
54,55,Jogos de empresas aplicados à realidade Startup: desenvolvendo simulador de ações empresariais com inteligência artificial.,http://www.eati.info/eati/2013/assets/anais/artigo298.pdf,2013,CURTO
55,56,Modelo de Disseminação de Epidemias com Autômatos Celulares,http://www.eati.info/eati/2013/assets/anais/artigo302.pdf,2013,CURTO
56,57,Modelo de cadeira de rodas com teto automático,http://www.eati.info/eati/2013/assets/anais/artigo306.pdf,2013,CURTO
57,58,Perfil dos profissionais da educação de Corumbá-MS,http://www.eati.info/eati/2013/assets/anais/artigo309.pdf,2013,CURTO
58,59,"Processo de virtualização de jogos matemáticos tradicionais, para uso como ferramenta de auxilio ao processo de ensino e aprendizagem em escolas do agreste de Pernambuco",http://www.eati.info/eati/2013/assets/anais/artigo312.pdf,2013,CURTO
59,60,Proposta de uma técnica de controle para o Monitoramento Remoto de Sinais vitais em sistemas embarcados,http://www.eati.info/eati/2013/assets/anais/artigo317.pdf,2013,CURTO
60,61,Realidade aumentada Aplicada a educação,http://www.eati.info/eati/2013/assets/anais/artigo322.pdf,2013,CURTO
61,62,SegWeb: Sistema centralizado de análise de vulnerabilidades em aplicações Web,http://www.eati.info/eati/2013/assets/anais/artigo327.pdf,2013,CURTO
62,63,Um Algoritmo Heurístico Para O Problema De Roteamento De Veículos,http://www.eati.info/eati/2013/assets/anais/artigo331.pdf,2013,CURTO
63,64,Integrando a Gestão de Configuração do CMMI com o Gerenciamento de Liberação do ITIL,http://www.eati.info/eati/2014/assets/anais/artigo1.pdf,2014,LONGO
64,65,Analisando cenários de smart cities: Aplicando critérios de comparação baseado em componentes arquiteturais,http://www.eati.info/eati/2014/assets/anais/artigo2.pdf,2014,LONGO
65,66,Gestão da Segurança da Informação em ambientes BYOD: Um mecanismo de apoio baseado nas boas práticas ITIL,http://www.eati.info/eati/2014/assets/anais/artigo3.pdf,2014,LONGO
66,67,O Uso da Robótica Educacional para o Ensino de Algoritmos,http://www.eati.info/eati/2014/assets/anais/artigo4.pdf,2014,LONGO
67,68,Proposta de Reforma Curricular do Curso de Bacharelado em Sistemas de Informação da UFSM/CESNORS/FW: Um Estudo de Caso,http://www.eati.info/eati/2014/assets/anais/artigo5.pdf,2014,LONGO
68,69,Sistema Inteligente para Apoio ao Diagnóstico de Diabetes Empregando Redes Neurais,http://www.eati.info/eati/2014/assets/anais/artigo6.pdf,2014,LONGO
69,70,Sistema de Recomendação Fuzzificado de Objetos de Aprendizagem,http://www.eati.info/eati/2014/assets/anais/artigo7.pdf,2014,LONGO
70,71,Estudo de Frameworks Multiplataforma Para Desenvolvimento de Aplicações Mobile Híbridas,http://www.eati.info/eati/2014/assets/anais/artigo8.pdf,2014,LONGO
71,72,Comparação de um jogo RPG em ambiente Distribuído com relação a um ambiente Cliente-Servidor,http://www.eati.info/eati/2014/assets/anais/artigo9.pdf,2014,LONGO
72,73,Estudo de Caso Aplicado na Gestão da Cadeia de Suprimentos de uma Indústria de Cereais Matinais – Modelagem e Desenvolvimento de um Sistema de Informação para a Gestão da Cadeia de Suprimentos,http://www.eati.info/eati/2014/assets/anais/artigo10.pdf,2014,LONGO
73,74,Simulador de Robô para Auxílio ao Ensino de Programação,http://www.eati.info/eati/2014/assets/anais/artigo11.pdf,2014,LONGO
74,75,Estruturação do Plano de Continuidade de Negócio: um estudo de caso,http://www.eati.info/eati/2014/assets/anais/artigo12.pdf,2014,LONGO
75,76,Aprendizagem dos Números para Crianças com o Uso do Kinect,http://www.eati.info/eati/2014/assets/anais/artigo13.pdf,2014,LONGO
76,77,Uma Metodologia para Estimativa de Esforço em Projetos de Softwares Desenvolvidos com ICONIX Empregando Use Case Points,http://www.eati.info/eati/2014/assets/anais/artigo14.pdf,2014,LONGO
77,78,GPRS network used to monitor the generation and use of solar energy in residences,http://www.eati.info/eati/2014/assets/anais/artigo15.pdf,2014,LONGO
78,79,Explorando o cenário das Metodologias de Engenharia de Software Orientado a Agentes,http://www.eati.info/eati/2014/assets/anais/artigo16.pdf,2014,LONGO
79,80,Avaliação do Modelo Elétrico Battery considerando Baterias de Lítio Íon e Lítio Íon Polímero,http://www.eati.info/eati/2014/assets/anais/artigo17.pdf,2014,LONGO
80,81,Avaliação de Técnicas para Redução de Base de Dados de Produção,http://www.eati.info/eati/2014/assets/anais/artigo18.pdf,2014,LONGO
81,82,Um Operador de Mutação para Algoritmos Evolucionários na Seleção de Casos de Teste da Análise de Mutantes,http://www.eati.info/eati/2014/assets/anais/artigo19.pdf,2014,LONGO
82,83,Análise de Acessibilidade Aplicada ao Website da Universidade Federal de Santa Maria,http://www.eati.info/eati/2014/assets/anais/artigo20.pdf,2014,LONGO
83,84,Criação de material educativo no formato ePub utilizando um processo adaptado de Engenharia de Software,http://www.eati.info/eati/2014/assets/anais/artigo21.pdf,2014,LONGO
84,85,Um Modelo de Sistema de Detecção de Anomalias em Redes de Computadores Baseado na Extração de Características Dinâmicas,http://www.eati.info/eati/2014/assets/anais/artigo22.pdf,2014,LONGO
85,86,Proposta Metodológica de um Ambiente de Ensino Ubíquo,http://www.eati.info/eati/2014/assets/anais/artigo23.pdf,2014,LONGO
86,87,Análise da página ‘Freis Franciscanos’ com os dados divulgados do Facebook no Brasil,http://www.eati.info/eati/2014/assets/anais/artigo24.pdf,2014,LONGO
87,88,O Algoritmo Genético Coevolucionário para Redução de Subconjuntos de Casos de Teste da Análise de Mutantes,http://www.eati.info/eati/2014/assets/anais/artigo25.pdf,2014,LONGO
88,89,Geração de Base de Dados para o Teste de Aplicações de Banco de Dados pelo Emprego da Computação Evolucionária,http://www.eati.info/eati/2014/assets/anais/artigo26.pdf,2014,LONGO
89,90,Aplicação WEB para Monitoramento Online de Microgeração Elétrica via Modem WiFi utilizando Fontes Renováveis de Energia,http://www.eati.info/eati/2014/assets/anais/artigo27.pdf,2014,LONGO
90,91,Where am I? Desenvolvimento de um Objeto de Aprendizagem para o auxílio de alunos iniciantes na língua inglesa,http://www.eati.info/eati/2014/assets/anais/artigo28.pdf,2014,LONGO
91,92,Algoritmos Genéticos na obtenção de uma Grade de Horários com Múltiplos Cursos para uma Instituição de Ensino,http://www.eati.info/eati/2014/assets/anais/artigo29.pdf,2014,LONGO
92,93,Estudo da Aplicabilidade do Projeto Unplugged com Crianças Especiais,http://www.eati.info/eati/2014/assets/anais/artigo30.pdf,2014,LONGO
93,94,Desenvolvimento de um Protótipo de um Sistema Inteligente de Apoio à Decisão como Ferramenta de Business Intelligence: um estudo de caso na Arbaza Alimentos,http://www.eati.info/eati/2014/assets/anais/artigo31.pdf,2014,CURTO
94,95,Estudo e Construção de um Protótipo de Framework de Recomendação para Lojas Virtuais,http://www.eati.info/eati/2014/assets/anais/artigo32.pdf,2014,CURTO
95,96,Biblioteca Virtual de Soluções Assistivas,http://www.eati.info/eati/2014/assets/anais/artigo33.pdf,2014,CURTO
96,97,Computação de alto desempenho em R: paralelização e técnicas de otimização,http://www.eati.info/eati/2014/assets/anais/artigo34.pdf,2014,CURTO
97,98,EAReq-Game: Um Jogo Educacional para o Ensino de Elicitação e Análise de Requisitos,http://www.eati.info/eati/2014/assets/anais/artigo35.pdf,2014,CURTO
98,99,Jogos Educacionais no Ensino de Metodologias Ágeis: uma revisão da literatura,http://www.eati.info/eati/2014/assets/anais/artigo36.pdf,2014,CURTO
99,100,Um Comparativo entre Ferramentas para o Desenvolvimento de Jogos Educativos Computacionais,http://www.eati.info/eati/2014/assets/anais/artigo37.pdf,2014,CURTO
100,101,Sistema de Recomendação Mobile: Um Estudo de Caso para Delivery,http://www.eati.info/eati/2014/assets/anais/artigo38.pdf,2014,CURTO
101,102,Questionário Eletrônico em Ambiente Android Para Coleta de Dados,http://www.eati.info/eati/2014/assets/anais/artigo39.pdf,2014,CURTO
102,103,Jogos Cognitivos Eletrônicos para a Aprendizagem de Conceitos Nutricionais e Coleta de Dados,http://www.eati.info/eati/2014/assets/anais/artigo40.pdf,2014,CURTO
103,104,"Redes Sociais na Educação – Contextos, Cases e Frameworks",http://www.eati.info/eati/2014/assets/anais/artigo41.pdf,2014,CURTO
104,105,Uma proposta de aplicativo de vídeo depoimentos integrado ao Facebook,http://www.eati.info/eati/2014/assets/anais/artigo42.pdf,2014,CURTO
105,106,Segurança da Informação: Proposta de arquitetura de alta disponibilidade para aplicações web,http://www.eati.info/eati/2014/assets/anais/artigo43.pdf,2014,CURTO
106,107,Algoritmo K-Means Paralelo com base no MapReduce para Mineração de dados agrícolas,http://www.eati.info/eati/2014/assets/anais/artigo44.pdf,2014,CURTO
107,108,Uso da Ferramenta Mantis para apoio ao processo Garantia da Qualidade do MPS.BR,http://www.eati.info/eati/2014/assets/anais/artigo45.pdf,2014,CURTO
108,109,Uma Linha do Tempo Digital Interativa na Forma de Objeto de Aprendizagem para a Disciplina de Sociologia,http://www.eati.info/eati/2014/assets/anais/artigo46.pdf,2014,CURTO
109,110,Mapeamento de Processos Utilizando a Metodologia BPM Uma ferramenta de suporte estratégico no desenvolvimento de sistemas em uma Instituição Federal de Ensino Superior,http://www.eati.info/eati/2014/assets/anais/artigo47.pdf,2014,CURTO
110,111,Desenvolvimento de um Plugin para o Moodle voltado ao Ensino de Programação utilizando a API Davit,http://www.eati.info/eati/2014/assets/anais/artigo48.pdf,2014,CURTO
111,112,Refatoração de Aplicações Web: Um Estudo de Caso,http://www.eati.info/eati/2014/assets/anais/artigo49.pdf,2014,CURTO
112,113,Provendo Acessibilidade em Sites com WAI-ARIA,http://www.eati.info/eati/2014/assets/anais/artigo50.pdf,2014,CURTO
113,114,Uma proposta de Experimento da Combinação de Técnicas de Vendas com a Técnica de Entrevista em Engª de Requisitos,http://www.eati.info/eati/2014/assets/anais/artigo51.pdf,2014,CURTO
114,115,Análise de Performance de Frameworks de Desenvolvimento Mobile Multiplataforma,http://www.eati.info/eati/2014/assets/anais/artigo52.pdf,2014,CURTO
115,116,Micuim: Uma proposta de Sistema de Gerenciamento de Atividades Desportivas,http://www.eati.info/eati/2014/assets/anais/artigo53.pdf,2014,CURTO
116,117,Implementação de uma Ferramenta de Integração de Dados Aplicado a Dados Meteorológicos,http://www.eati.info/eati/2014/assets/anais/artigo54.pdf,2014,CURTO
117,118,Totem Informativo para o Centro de Informática,http://www.eati.info/eati/2014/assets/anais/artigo55.pdf,2014,CURTO
118,119,Inclusão da Melhor Idade no Meio Digital: Cursos Para a Melhor Idade,http://www.eati.info/eati/2014/assets/anais/artigo56.pdf,2014,CURTO
119,120,Uma Proposta de Sistema de Informação para o Gerenciamento Eletrônico de Documentos,http://www.eati.info/eati/2014/assets/anais/artigo57.pdf,2014,CURTO
120,121,Sistema para Visualização das Notificações dos Casos de Malária no Brasil,http://www.eati.info/eati/2014/assets/anais/artigo58.pdf,2014,CURTO
121,122,Análise psicológica das cores no contexto do design de interação sob a visão da Psicologia Analítica,http://www.eati.info/eati/2014/assets/anais/artigo59.pdf,2014,CURTO
122,123,Visualização de Dados sobre Acidentes de Trabalho,http://www.eati.info/eati/2014/assets/anais/artigo60.pdf,2014,CURTO
123,124,Análise de ondas eletroencefalográficas aplicada a Tecnologias Assistivas de Controle de Ambiente,http://www.eati.info/eati/2014/assets/anais/artigo61.pdf,2014,CURTO
124,125,Perfil dos Profissionais e das Empresas de Tecnologia da Informação (TI) da Cidade de Frederico Westphalen - RS,http://www.eati.info/eati/2014/assets/anais/artigo62.pdf,2014,CURTO
125,126,Frameworks para criação de Web Apps para o Ensino Mobile,http://www.eati.info/eati/2014/assets/anais/artigo63.pdf,2014,CURTO
126,127,A Realidade Aumentada no Ensino de Topologias de Redes: uma aplicação interativa,http://eati.info/eati/2015/assets/anais/Longos/L10.pdf,2015,LONGO
127,128,Ambiental Web: Sistema Especialista para Apoio à Avaliação de Processos de Licenciamento Ambiental,http://eati.info/eati/2015/assets/anais/Longos/L1.pdf,2015,LONGO
128,129,Aplicação da Técnica de Fatoração de Matrizes Não-Negativas à Separação de Fontes Sonoras em Misturas contendo Elementos Harmônicos e Percussivos,http://eati.info/eati/2015/assets/anais/Longos/L22.pdf,2015,LONGO
129,130,Aplicação do Método AHP na Seleção de Software para Modelagem de Processos de Negócios,http://eati.info/eati/2015/assets/anais/Longos/L30.pdf,2015,LONGO
130,131,Aprova IF: desenvolvimento de um aplicativo para acompanhamento de notas,http://eati.info/eati/2015/assets/anais/Longos/L23.pdf,2015,LONGO
131,132,Estratégia de Navegação Tolerante a Falha de Motores em Quadrirrotores com Controle PID,http://eati.info/eati/2015/assets/anais/Longos/L14.pdf,2015,LONGO
132,133,Evolução Espaço-Temporal de Disseminação de Epidemias Baseado no Modelo Malthus-Verhulst com Autômato Celular,http://eati.info/eati/2015/assets/anais/Longos/L25.pdf,2015,LONGO
133,134,Extração da Métrica WMC a partir de Código Java,http://eati.info/eati/2015/assets/anais/Longos/L28.pdf,2015,LONGO
134,135,FredSaúde: Sistema de Mapeamento de Saúde do Município de Frederico Westphalen,http://eati.info/eati/2015/assets/anais/Longos/L21.pdf,2015,LONGO
135,136,Identificação da História de Compressão em sinais de Áudio nos Formatos WAV e MP3 utilizando o classificador Máquina de Vetor de Suporte,http://eati.info/eati/2015/assets/anais/Longos/L27.pdf,2015,LONGO
136,137,Implementação de uma nuvem de armazenamento privada usando Owncloud e Raspberry PI,http://eati.info/eati/2015/assets/anais/Longos/L6.pdf,2015,LONGO
137,138,LogicBlocks: Uma Ferramenta para o Ensino de Lógica de Programação,http://eati.info/eati/2015/assets/anais/Longos/L7.pdf,2015,LONGO
138,139,MB Engine: Game Engine para a Construção de Jogos em HTML 5,http://eati.info/eati/2015/assets/anais/Longos/L12.pdf,2015,LONGO
139,140,Mineração de padrões entre doenças relacionadas ao saneamento ambiental inadequado,http://eati.info/eati/2015/assets/anais/Longos/L8.pdf,2015,LONGO
140,141,OFICINA DE DESIGN PARTICIPATIVO: engine humana para validação de jogabilidade e mecânica de um jogo digital educativo acessível,http://eati.info/eati/2015/assets/anais/Longos/L19.pdf,2015,LONGO
141,142,Padronização de Processos: BI e KDD,http://eati.info/eati/2015/assets/anais/Longos/L5.pdf,2015,LONGO
142,143,Perspectivas da implantação de uma rádio escolar: uso de equipamentos tecnológicos e o desenvolvimento de habilidades,http://eati.info/eati/2015/assets/anais/Longos/L11.pdf,2015,LONGO
143,144,Predição do tempo de vida de baterias de Lítio Íon Polímero utilizando o Modelo Rakhmatov e Vrudhula,http://eati.info/eati/2015/assets/anais/Longos/L16.pdf,2015,LONGO
144,145,Projeto de Extensão: Capacitação de Docentes com a Lousa Digital/Projetor Interativo do MEC/FNDE,http://eati.info/eati/2015/assets/anais/Longos/L9.pdf,2015,LONGO
145,146,Proposta de um processo de recrutamento e seleção de profissionais em uma fábrica de software.,http://eati.info/eati/2015/assets/anais/Longos/L3.pdf,2015,LONGO
146,147,Simulando Cenários para Redes Definidas por Software,http://eati.info/eati/2015/assets/anais/Longos/L20.pdf,2015,LONGO
147,148,Sistema Web Unificado de Acompanhamento de Alunos do Instituto Federal Farroupilha - Câmpus Alegrete,http://eati.info/eati/2015/assets/anais/Longos/L18.pdf,2015,LONGO
148,149,Sistemas de Identificação por Radiofrequência (RFID) Ativos Integrados com Comunicações Via Satélite,http://eati.info/eati/2015/assets/anais/Longos/L17.pdf,2015,LONGO
149,150,Supervisionamento de Coordenadas Espaciais de um Quadric´optero Baseado em Redes de Petri Colorida,http://eati.info/eati/2015/assets/anais/Longos/L15.pdf,2015,LONGO
150,151,"Um aplicativo de lembrete de tarefas para alunos, pais e professores integrado ao Moodle",http://eati.info/eati/2015/assets/anais/Longos/L26.pdf,2015,LONGO
151,152,Um estudo de caso de um curso baseado em SPOC e abordagem centrada no aluno,http://eati.info/eati/2015/assets/anais/Longos/L29.pdf,2015,LONGO
152,153,Um Método para Minimizar Falhas de Segurança em Redes WLAN 802.11b/g: Controlando Acessos Provenientes de Dispositivos Móveis,http://eati.info/eati/2015/assets/anais/Longos/L4.pdf,2015,LONGO
153,154,Utilização de Businnes Intelligence para análise de evasão escolar nos diferentes níveis de ensino do Instituto Federal Farroupilha Câmpus São Vicente do Sul,http://eati.info/eati/2015/assets/anais/Longos/L13.pdf,2015,LONGO
154,155,Utilização de Sistema de Detecção e Prevenção de Intrusos modo NIDS,http://eati.info/eati/2015/assets/anais/Longos/L24.pdf,2015,LONGO
155,156,Técnicas de Suavização de Imagens e Eliminação de Ruídos,http://eati.info/eati/2015/assets/anais/Longos/L2.pdf,2015,LONGO
156,157,Aprendizagem por Reforço Clássica e Conexionista: análise de aplicações,http://eati.info/eati/2015/assets/anais/Curtos/C43.pdf,2015,CURTO
157,158,Avaliação de desempenho de uma ferramenta de detecção o de intrusão,http://eati.info/eati/2015/assets/anais/Curtos/C46.pdf,2015,CURTO
158,159,Computação Afetiva: Uma ferramenta para avaliar aspectos afetivos em aplicações computacionais.,http://eati.info/eati/2015/assets/anais/Curtos/C40.pdf,2015,CURTO
159,160,E-lixo: Soluções para o Futuro,http://eati.info/eati/2015/assets/anais/Curtos/C35.pdf,2015,CURTO
160,161,Ensino de Lógica de Programação Associada à Linguagem LOGO,http://eati.info/eati/2015/assets/anais/Curtos/C34.pdf,2015,CURTO
161,162,Ferramenta para Apoio ao Suporte Técnico em uma Rede FTTx empregando Raciocínio Baseado em Casos,http://eati.info/eati/2015/assets/anais/Curtos/C31.pdf,2015,CURTO
162,163,IATE Inteligência Artificial e Tecnologia Educacional,http://eati.info/eati/2015/assets/anais/Curtos/C32.pdf,2015,CURTO
163,164,Implantação de um Sistema Web para a Catalogação e Comercialização de Produtos da Agroindústria Familiar,http://eati.info/eati/2015/assets/anais/Curtos/C38.pdf,2015,CURTO
164,165,Mineração de Dados a partir do Currículo Lattes com a Ferramenta WEKA,http://eati.info/eati/2015/assets/anais/Curtos/C41.pdf,2015,CURTO
165,166,O uso computacional interativo como recurso virtual didático no ensino de Ciências - Física,http://eati.info/eati/2015/assets/anais/Curtos/C33.pdf,2015,CURTO
166,167,PerguntasIFF: Aplicativo móvel para ensino e aprendizagem multidisciplinar,http://eati.info/eati/2015/assets/anais/Curtos/C42.pdf,2015,CURTO
167,168,Projeto De Extensão Bit De Inserção Social,http://eati.info/eati/2015/assets/anais/Curtos/C39.pdf,2015,CURTO
168,169,Tô Dentro: concepção de um aplicativo para os calouros do IFSul,http://eati.info/eati/2015/assets/anais/Curtos/C44.pdf,2015,CURTO
169,170,Utilização da arquitetura de segurança IPSec no modo túnel para a implementação de uma rede VPN de baixo custo,http://eati.info/eati/2015/assets/anais/Curtos/C36.pdf,2015,CURTO
170,171,Utilização de um Firewall com Controle de Acesso no Instituto Federal Farroupilha Câmpus Júlio de Castilhos,http://eati.info/eati/2015/assets/anais/Curtos/C45.pdf,2015,CURTO
171,172,Arduino e Empreendedorismo Social: Ação em Grupos de Jovens no Oeste do Pará,http://eati.info/eati/2016/assets/anais/Longos/14.pdf,2016,LONGO
172,173,O Guia de Contratação de Soluções de Tecnologia da Informação da Instrução Normativa IN/SLTI/MPOG 04/2014 e o Modelo CMMI-DEV: Uma Análise Qualitativa,http://eati.info/eati/2016/assets/anais/Longos/21.pdf,2016,LONGO
173,174,Estudo Experimental da Dificuldade Adaptativa em Jogos Eletrônicos,http://eati.info/eati/2016/assets/anais/Longos/29.pdf,2016,LONGO
174,175,Implementação dos frameworks bootstrap e Foundation aplicados na construção de um objeto de aprendizagem para o ensino da Engenharia de Software,http://eati.info/eati/2016/assets/anais/Longos/37.pdf,2016,LONGO
175,176,Processo de Implantação de uma Automação Residencial utilizando Arduino,http://eati.info/eati/2016/assets/anais/Longos/45.pdf,2016,LONGO
176,177,Definição de um Modelo de Gerenciamento de Redes de Computadores para uma Instituição de Ensino,http://eati.info/eati/2016/assets/anais/Longos/53.pdf,2016,LONGO
177,178,Análise em Tempo Real do Progresso de Alunos Através de uma Plataforma Educacional,http://eati.info/eati/2016/assets/anais/Longos/61.pdf,2016,LONGO
178,179,Implementação de Funcionalidade Preventiva em um Sistema de Detecção de Intrusão Inteligente,http://eati.info/eati/2016/assets/anais/Longos/69.pdf,2016,LONGO
179,180,Rede Neural Artificial com Aprendizagem Híbrida para Problemas de Classificação de Padrões,http://eati.info/eati/2016/assets/anais/Longos/77.pdf,2016,LONGO
180,181,Programação de Sistemas Embarcados usando Microcontroladores: um estudo de caso,http://eati.info/eati/2016/assets/anais/Longos/85.pdf,2016,LONGO
181,182,Gestão de Riscos nas Aquisições de Soluções de TI: Uma Análise Crítica dos Modelos de Boas Práticas,http://eati.info/eati/2016/assets/anais/Longos/93.pdf,2016,LONGO
182,183,Sistema de posicionamento local IndoorAtlas aplicado no Instituto Federal Farroupilha Campus São Borja,http://eati.info/eati/2016/assets/anais/Longos/101.pdf,2016,LONGO
183,184,Implantação de um Sistema ERP: um estudo de caso na empresa Ramos e Copini Autopeças,http://eati.info/eati/2016/assets/anais/Longos/108.pdf,2016,LONGO
184,185,Desenvolvimento de Jogos Educacionais Digitais: algumas experiências do Grupo de Pesquisa IATE/UFSM – Inteligência Artificial e Tecnologia Educacional,http://eati.info/eati/2016/assets/anais/Longos/116.pdf,2016,LONGO
185,186,Estudo de Caso da Aplicação de BSC em uma Empresa do Agronegócio do Sul do Brasil,http://eati.info/eati/2016/assets/anais/Longos/124.pdf,2016,LONGO
186,187,Desenvolvimento de Aplicativo para Ensino de Estruturas de Repetição na Disciplina de Algoritmos,http://eati.info/eati/2016/assets/anais/Longos/131.pdf,2016,LONGO
187,188,SIAGweb - Sistema Auxiliar de Gestão Web,http://eati.info/eati/2016/assets/anais/Longos/140.pdf,2016,LONGO
188,189,‘Ace System: proposta de um sistema para otimizar competições de voleibol,http://eati.info/eati/2016/assets/anais/Longos/146.pdf,2016,LONGO
189,190,O Ensino-Aprendizagem de Programação de Computadores: dificuldades e ferramentas de suporte,http://eati.info/eati/2016/assets/anais/Longos/154.pdf,2016,LONGO
190,191,Simulação do Jogo Tic-Tac-Toe com o uso de Técnicas de Inteligência Artificial,http://eati.info/eati/2016/assets/anais/Longos/163.pdf,2016,LONGO
191,192,Desenvolvimento de uma ferramenta para monitoramento de dispositivos em rede sem fio,http://eati.info/eati/2016/assets/anais/Longos/171.pdf,2016,LONGO
192,193,Sistema Web de Aplicação de Provas através de Dispositivos Móveis,http://eati.info/eati/2016/assets/anais/Longos/177.pdf,2016,LONGO
193,194,FOURFACE: Uma ferramenta de reconhecimento de expressões faciais,http://eati.info/eati/2016/assets/anais/Longos/185.pdf,2016,LONGO
194,195,Análise de Acurácia de Georrefereciamento de Mosaicos de Imagens Obtidas por RPA,http://eati.info/eati/2016/assets/anais/Longos/193.pdf,2016,LONGO
195,196,Aplicativo Móvel para Disponibilização do Cardápio do Refeitório do IFFar Campus São Vicente do Sul,http://eati.info/eati/2016/assets/anais/Curtos/201.pdf,2016,CURTO
196,197,Implantação de Metodologias Ágeis no Setor de TI da Bruning Tecnometal Ltda,http://eati.info/eati/2016/assets/anais/Curtos/205.pdf,2016,CURTO
197,198,Aplicação de uma Metodologia Ativa para o Ensino de Lógica de Programação,http://eati.info/eati/2016/assets/anais/Curtos/209.pdf,2016,CURTO
198,199,Desenvolvimento de WebApp para Divulgação de Editais do IFFar-SVS Utilizando MIT App Inventor,http://eati.info/eati/2016/assets/anais/Curtos/213.pdf,2016,CURTO
199,200,Desenvolvimento de um jogo educacional com HTML5 e Phaser,http://eati.info/eati/2016/assets/anais/Curtos/217.pdf,2016,CURTO
200,201,Busca por similaridade em índice invertido utilizando o paradigma Map-Reduce,http://eati.info/eati/2016/assets/anais/Curtos/221.pdf,2016,CURTO
201,202,Gestão do Conhecimento Sobre Processos e Procedimentos Utilizando Gerenciamento Eletrônico de Documentos,http://eati.info/eati/2016/assets/anais/Curtos/226.pdf,2016,CURTO
202,203,Introdução à Programação com a Plataforma Arduino,http://eati.info/eati/2016/assets/anais/Curtos/230.pdf,2016,CURTO
203,204,Desenvolvendo um Catálogo de Serviços de TI com ITIL,http://eati.info/eati/2016/assets/anais/Curtos/234.pdf,2016,CURTO
204,205,Desafios de Programação no Projeto A Hora do Código,http://eati.info/eati/2016/assets/anais/Curtos/238.pdf,2016,CURTO
205,206,Template para a Interface do AVA Moodle:  um estudo de caso no curso de Sistemas de Informação da UFSM-Campus Frederico Westphalen,http://eati.info/eati/2016/assets/anais/Curtos/242.pdf,2016,CURTO
206,207,Avaliação da Utilização de Recursos de TI em Estabelecimentos Assistenciais de Saúde na Microrregião de Frederico Westphalen,http://eati.info/eati/2016/assets/anais/Curtos/246.pdf,2016,CURTO
207,208,Certificações em Modelos de Governança de TI,http://eati.info/eati/2016/assets/anais/Curtos/251.pdf,2016,CURTO
208,209,Um Sistema Web para Visualização de Dados do DATASUS,http://eati.info/eati/2016/assets/anais/Curtos/256.pdf,2016,CURTO
209,210,ColabAD: Sistema Colaborativo de Áudio-descrição,http://eati.info/eati/2016/assets/anais/Curtos/260.pdf,2016,CURTO
210,211,Avaliação dos Brokers Kafka e Apache Flume no Contexto de Big Data,http://eati.info/eati/2016/assets/anais/Curtos/264.pdf,2016,CURTO
211,212,Análise e Implantação de um Software de Help Desk em uma empresa de TI,http://eati.info/eati/2016/assets/anais/Curtos/268.pdf,2016,CURTO
212,213,Sistema Gerenciador de Atividades da Ariranha,http://eati.info/eati/2016/assets/anais/Curtos/272.pdf,2016,CURTO
213,214,Desenvolvimento de ferramenta para processar logs de firewall,http://eati.info/eati/2016/assets/anais/Curtos/276.pdf,2016,CURTO
214,215,Materiais Didáticos: a necessária construção para o ensino da disciplina de Banco de Dados,http://eati.info/eati/2016/assets/anais/Curtos/280.pdf,2016,CURTO
215,216,Um framework para avaliação de dependabilidade em sistemas de armazenamento em nuvem,http://eati.info/eati/2017/assets/anais/Longos/L14.pdf,2017,LONGO
216,217,"Snort – Fundamentos, Funções e Aplicações",http://eati.info/eati/2017/assets/anais/Longos/L23.pdf,2017,LONGO
217,218,Uso da ferramenta sqlMap para detecção de vulnerabilidades de SQL Injection,http://eati.info/eati/2017/assets/anais/Longos/L31.pdf,2017,LONGO
218,219,Construção de um blog utilizando um sistema gerenciador de conteúdo para auxiliar o professor,http://eati.info/eati/2017/assets/anais/Longos/L38.pdf,2017,LONGO
219,220,Interação de Pessoas com Deficiência Visual com Dispositivos Móveis,http://eati.info/eati/2017/assets/anais/Longos/L46.pdf,2017,LONGO
220,221,Gerenciamento e Controle por Autenticação para Acesso à Estrutura de Rede de Computadores da Prefeitura Municipal de Palmeira das Missões – RS,http://eati.info/eati/2017/assets/anais/Longos/L54.pdf,2017,LONGO
221,222,Avaliando a Aceitabilidade de uma Interface com Dispositivo IoT para Aplicação em Sala de Aula,http://eati.info/eati/2017/assets/anais/Longos/L62.pdf,2017,LONGO
222,223,Aplicações Mobile Híbridas: Um Estudo de Caso do Framework Ionic para Construção de um Diário de Classe,http://eati.info/eati/2017/assets/anais/Longos/L69.pdf,2017,LONGO
223,224,Estudo de Caso: Análise do Método C4.5 na Predição do Papel de Jogadores de League of Legends,http://eati.info/eati/2017/assets/anais/Longos/L77.pdf,2017,LONGO
224,225,FlowChecker: A TCP Flow Analytical Framework for Network Measurements,http://eati.info/eati/2017/assets/anais/Longos/L85.pdf,2017,LONGO
225,226,Proposta de Veículo Autônomo Inteligente,http://eati.info/eati/2017/assets/anais/Longos/L92.pdf,2017,LONGO
226,227,Tablet no apoio ao desenvolvimento da comunicação de criança com Deficiências Múltiplas,http://eati.info/eati/2017/assets/anais/Longos/L99.pdf,2017,LONGO
227,228,Meu Mercado: Aplicativo Móvel para Publicação de Promoções de Supermercados,http://eati.info/eati/2017/assets/anais/Longos/L107.pdf,2017,LONGO
228,229,Aplicativo para o Ensino de Geometria Espacial com Realidade Aumentada,http://eati.info/eati/2017/assets/anais/Longos/L114.pdf,2017,LONGO
229,230,A Tecnologia a Serviço do Desenvolvimento da Agricultura Familiar,http://eati.info/eati/2017/assets/anais/Longos/L121.pdf,2017,LONGO
230,231,A mineração de textos como ferramenta de apoio a análise de artigos científicos,http://eati.info/eati/2017/assets/anais/Longos/L129.pdf,2017,LONGO
231,232,Drummer Time – Metrônomo para Músicos,http://eati.info/eati/2017/assets/anais/Longos/L137.pdf,2017,LONGO
232,233,Sistema Web para divulgação de informações da Estação Rodoviária de São Vicente do Sul - RS,http://eati.info/eati/2017/assets/anais/Curtos/C145.pdf,2017,CURTO
233,234,Sistema para Rodeios de Laço Comprido,http://eati.info/eati/2017/assets/anais/Curtos/C149.pdf,2017,CURTO
234,235,Automatização da Extração de Dados na Open Smart City View Utilizando Crawling,http://eati.info/eati/2017/assets/anais/Curtos/C154.pdf,2017,CURTO
235,236,Para Onde Vou: Aplicativo para localização de lugares em cidades,http://eati.info/eati/2017/assets/anais/Curtos/C158.pdf,2017,CURTO
236,237,Gestão da tecnologia da informação e processos de negócios empresariais apoiados por sistemas de informação,http://eati.info/eati/2017/assets/anais/Curtos/C162.pdf,2017,CURTO
237,238,PSO: Ontologia de Domínio para Publicação de Dados sobre Servidores Públicos,http://eati.info/eati/2017/assets/anais/Curtos/C166.pdf,2017,CURTO
238,239,Monitoramento de Ambientes Usando Veículos Aéreos NãoTripulados,http://eati.info/eati/2017/assets/anais/Curtos/C170.pdf,2017,CURTO
239,240,Análise da viabilidade de Reconhecimento Facial e Autenticação em aplicações mobile,http://eati.info/eati/2017/assets/anais/Curtos/C174.pdf,2017,CURTO
240,241,Acessibilidade Comunicativa em Libras: Possibilidades a partir do Desenvolvimento de um Software,http://eati.info/eati/2017/assets/anais/Curtos/C179.pdf,2017,CURTO
241,242,OuvIFFar – um canal de comunicação simplificado com o IFFar-FW,http://eati.info/eati/2017/assets/anais/Curtos/C183.pdf,2017,CURTO
242,243,Gerenciamento de Aluguéis e Consumo Elétrico para Quartos de Pousadas,http://eati.info/eati/2017/assets/anais/Curtos/C187.pdf,2017,CURTO
243,244,Alta Disponibilidade em um Sistema Domótico com Pacemaker e Corosync,http://eati.info/eati/2017/assets/anais/Curtos/C191.pdf,2017,CURTO
244,245,Proposta de um sistema de recomendação alimentar considerando usuários com intolerância alimentar,http://eati.info/eati/2017/assets/anais/Curtos/C195.pdf,2017,CURTO
245,246,Uma proposta de informatização do processo de emissão de Auto de Infração de Trânsito,http://eati.info/eati/2017/assets/anais/Curtos/C199.pdf,2017,CURTO
246,247,SicraQuest – Sistema de Criação e Aplicação de Questionários,http://eati.info/eati/2017/assets/anais/Curtos/C203.pdf,2017,CURTO
247,248,Reflexões sobre o uso das tecnologias de informação e comunicação como ferramenta auxiliar no processo de ensino e aprendizagem,http://eati.info/eati/2017/assets/anais/Curtos/C207.pdf,2017,CURTO
248,249,Uma Proposta de Sistema Web para Monitoramento e Análise de Dados Coletados a partir de Estações Construídas com Arduíno,http://eati.info/eati/2017/assets/anais/Curtos/C211.pdf,2017,CURTO
249,250,Ambiente de Suporte à Tomada de Decisões com Data Warehouse e OLAP,http://eati.info/eati/2017/assets/anais/Curtos/C215.pdf,2017,CURTO
250,251,Avaliação de uma Arquitetura de Configuração Dinâmica para o Checkpoint no HDFS,http://eati.info/eati/2017/assets/anais/Curtos/C219.pdf,2017,CURTO
251,252,ForceQoS: Ferramenta Open Source para Reconfiguração e Controle Eficiente de QoS,http://eati.info/eati/anais-2018/Longos/L01.pdf,2018,LONGO
252,253,Implementação de um Cluster Beowulf utilizando o framework Warewulf,http://eati.info/eati/anais-2018/Longos/L02.pdf,2018,LONGO
253,254,Elaboração de Grades Horárias Utilizando Algoritmos Genéticos,http://eati.info/eati/anais-2018/Longos/L03.pdf,2018,LONGO
254,255,Identificar o perfil dos estudantes do ensino médio para desenvolver pensamento computacional por meio do Scratch,http://eati.info/eati/anais-2018/Longos/L04.pdf,2018,LONGO
255,256,Análise de Usabilidade do Sistema Integrado de Gestão de Atividades Acadêmicas da Universidade Federal Rural da Amazônia,http://eati.info/eati/anais-2018/Longos/L05.pdf,2018,LONGO
256,257,Segurança e Desempenho do IPsec em Redes IPV6,http://eati.info/eati/anais-2018/Longos/L06.pdf,2018,LONGO
257,258,Aplicação de lógica Fuzzy em um Sistema de Interface Humano-Computador baseado em Visão Computacional.,http://eati.info/eati/anais-2018/Longos/L07.pdf,2018,LONGO
258,259,Adaptações no Software ACML visando o Desenvolvimento de uma Aplicação Mobile Híbrida,http://eati.info/eati/anais-2018/Longos/L08.pdf,2018,LONGO
259,260,Repetidor Wifi De Longo Alcance Construído Com Componentes Eletrônicos Reciclados,http://eati.info/eati/anais-2018/Longos/L09.pdf,2018,LONGO
260,261,Proposta de ambientes inteligentes IoT sob a ótica da eficiência energética,http://eati.info/eati/anais-2018/Longos/L10.pdf,2018,LONGO
261,262,Método de diminuição de largura de banda e latência em ambientes IoT: caso de uso em uma sala de aula inteligente,http://eati.info/eati/anais-2018/Longos/L11.pdf,2018,LONGO
262,263,Desenvolvimento de jogos na plataforma Godot,http://eati.info/eati/anais-2018/Longos/L12.pdf,2018,LONGO
263,264,Uma Abordagem Baseada em WebSocket para Comunicação em Tempo Real no GeneMaisLab,http://eati.info/eati/anais-2018/Longos/L13.pdf,2018,LONGO
264,265,Uma Revisão Sistemática da relação entre Neutralidade da Rede e a Internet das Coisas (IoT),http://eati.info/eati/anais-2018/Longos/L14.pdf,2018,LONGO
265,266,Sistema de Informação Gerencial para uma Clínica de Fisioterapia,http://eati.info/eati/anais-2018/Longos/L15.pdf,2018,LONGO
266,267,Aplicação Para Votação Utilizando a Tecnologia Blockchain,http://eati.info/eati/anais-2018/Curtos/C01.pdf,2018,CURTO
267,268,Implementação de uma Nuvem Privada para uso Educacional,http://eati.info/eati/anais-2018/Curtos/C02.pdf,2018,CURTO
268,269,Incentivando a Programação de Computadores através do Desenvolvimento de Jogos Digitais,http://eati.info/eati/anais-2018/Curtos/C03.pdf,2018,CURTO
269,270,A Hora do Código: uma alternativa para o processo de ensino-aprendizagem de programação,http://eati.info/eati/anais-2018/Curtos/C04.pdf,2018,CURTO
270,271,Foxish: Uma Aplicação Web para o Aprendizado de Inglês,http://eati.info/eati/anais-2018/Curtos/C05.pdf,2018,CURTO
271,272,Alimentação Automatizada para Pets,http://eati.info/eati/anais-2018/Curtos/C06.pdf,2018,CURTO
272,273,Ilustrando o impacto do uso de web workers na experiência do usuário em aplicacões web,http://eati.info/eati/anais-2018/Curtos/C07.pdf,2018,CURTO
273,274,Sistema para gerenciamento de atendimento ao cliente com aplicação híbrida e painel web,http://eati.info/eati/anais-2018/Curtos/C08.pdf,2018,CURTO
274,275,Desenvolvimento de Algoritmos para o Problema da Árvore Geradora Mínima Generalizado,http://eati.info/eati/anais-2018/Curtos/C09.pdf,2018,CURTO
275,276,Um Sistema de Automação e Controle de uma Chocadeira de Baixo Custo para Pequenos Produtores,http://eati.info/eati/anais-2018/Curtos/C10.pdf,2018,CURTO
276,277,Avaliação de usabilidade do Sistema Integrado de Gestão de Atividades Acadêmicas do Instituto Federal Farroupilha,http://eati.info/eati/anais-2018/Curtos/C11.pdf,2018,CURTO
277,278,Controle automatizado para hotéis utilizando tecnologia RFID,http://eati.info/eati/anais-2018/Curtos/C12.pdf,2018,CURTO
278,279,Construção de um Cluster Computacional baseado no modelo Beowulf a partir de Máquinas obsoletas,http://eati.info/eati/anais-2018/Curtos/C13.pdf,2018,CURTO
279,280,Simulação de atividades de risco em uma unidade de beneficiamento de grãos,http://eati.info/eati/anais-2018/Curtos/C14.pdf,2018,CURTO
280,281,MoleculAR: Um aplicativo em Realidade Aumentada para o aprendizado de Química,http://eati.info/eati/anais-2018/Curtos/C15.pdf,2018,CURTO
281,282,Análise comparativa de transmissão de vídeo em redes veiculares utilizando padrões IEEE 802.11g e IEEE 802.11p,http://168.228.253.6:8080/index.php/2019/article/download/3/5,2019,LONGO
282,283,Colo Saudável: Aplicativo Móvel para Prevenção do Câncer do Colo do Útero,http://168.228.253.6:8080/index.php/2019/article/download/5/6,2019,LONGO
283,284,Controle de temperatura e umidade no cultivo agrícola de núcleo familiar utilizando Arduino,http://168.228.253.6:8080/index.php/2019/article/download/6/7,2019,LONGO
284,285,Desenvolvimento de um aplicativo para planejamento da colheita mecanizada de arroz irrigado,http://168.228.253.6:8080/index.php/2019/article/download/7/8,2019,LONGO
285,286,Especificação de Requisitos para Sistemas Embarcados: Uma Revisão Sistemática da Literatura,http://168.228.253.6:8080/index.php/2019/article/download/11/9,2019,LONGO
286,287,Identificando a qualidade de Requisitos de Sistemas utilizando Redes Bayesianas,http://168.228.253.6:8080/index.php/2019/article/download/12/10,2019,LONGO
287,288,NavAcad: um aplicativo de suporte para navegação escolar,http://168.228.253.6:8080/index.php/2019/article/download/13/11,2019,LONGO
288,289,Pepy: Sistema para apoiar os Processos de Ensino e de Aprendizagem de Lógica de Programação utilizando Python,http://168.228.253.6:8080/index.php/2019/article/download/14/12,2019,LONGO
289,290,Processamento de Work Units pelo Motor de Execução da Plataforma de Integração Guaraná,http://168.228.253.6:8080/index.php/2019/article/download/15/13,2019,LONGO
290,291,Processo de segmentação de imagens e identificação de falhas na cultura da soja utilizando o algoritmo ckMeans,http://168.228.253.6:8080/index.php/2019/article/download/16/14,2019,LONGO
291,292,Sistema de Monitoramento para Auxílio de Captura de Morcego na Região Amazônica,http://168.228.253.6:8080/index.php/2019/article/download/17/15,2019,LONGO
292,293,Tecnologia RFID e Sistemas Distribuídos: Uma Integração Viável para Controle de Acesso e Monitoramento em Escolas,http://168.228.253.6:8080/index.php/2019/article/download/19/16,2019,LONGO
293,294,Turismo e Realidade Aumentada: Desenvolvimento de um aplicativo para a cidade de Santiago/RS,http://168.228.253.6:8080/index.php/2019/article/download/20/17,2019,LONGO
294,295,Uma Análise Comparativa entre Clusters Computacionais a partir de Máquinas Velhas e Computadores i5 da Quarta Geração,http://168.228.253.6:8080/index.php/2019/article/download/21/19,2019,LONGO
295,296,Uma Ferramenta Para Idealizar Um Modelo Híbrido de Gestão de Projetos na UFFS,http://168.228.253.6:8080/index.php/2019/article/download/22/20,2019,LONGO
296,297,Uma Proposta de Arquitetura de Big Data para Detecção de Fake News,http://168.228.253.6:8080/index.php/2019/article/download/23/22,2019,LONGO
297,298,Aplicação em Realidade Aumentada no Contexto de Smart Campus,http://168.228.253.6:8080/index.php/2019/article/download/24/23,2019,CURTO
298,299,Balanceamento entre Raridade e Sequência na Política de Escolha de Peças em Tráfego Streaming sobre Redes BitTorrent,http://168.228.253.6:8080/index.php/2019/article/download/25/24,2019,CURTO
299,300,Balcão de Empregos,http://168.228.253.6:8080/index.php/2019/article/download/26/25,2019,CURTO
300,301,Dispositivo de detecção de quedas para pessoas idosas,http://168.228.253.6:8080/index.php/2019/article/download/27/26,2019,CURTO
301,302,Ed!ECO: objeto de aprendizagem gamificado para apoiar a conscientização da reciclagem,http://168.228.253.6:8080/index.php/2019/article/download/28/27,2019,CURTO
302,303,Guia de Montagem em Realidade Aumentada: Um Estudo de Caso no Setor Moveleiro,http://168.228.253.6:8080/index.php/2019/article/download/29/28,2019,CURTO
303,304,Plataforma digital para controle de pedidos em empresas prestadoras de serviço,http://168.228.253.6:8080/index.php/2019/article/download/30/29,2019,CURTO
304,305,Proposta de um aplicativo para dispositivos móveis para notificações de enchentes,http://168.228.253.6:8080/index.php/2019/article/download/31/30,2019,CURTO
305,306,Sistema Web para Cadastro de Doadores de Sangue,http://168.228.253.6:8080/index.php/2019/article/download/32/31,2019,CURTO
306,307,Sistema web para o ensino de Química em escola,http://168.228.253.6:8080/index.php/2019/article/download/33/32,2019,CURTO
307,308,Uma Proposta de Assistente de Predição de Evasão Universitária voltado ao Instituto Federal Farroupilha campus Panambi,http://168.228.253.6:8080/index.php/2019/article/download/34/33,2019,CURTO
